ID,post_title,post_name,post_type,post_status,post_date,author_id,author_name,date_modified,url,post_excerpt,post_content,word_count,reading_time,category,post_tag,post_format,topic,featured_image,featured_image_alt,meta:hide_title,meta:post_subtitle,meta:post_meta_description,meta:is_special,meta:share_image
1,"Hello world!",hello-world,post,publish,"2024-12-16 09:30:00",1,dgwltd,"2024-12-20 14:00:13",https://dev.dgw.ltd.ddev.site:8443/2024/12/16/hello-world/,"Welcome to DGW.ltd—a theme and plugin I built as a playground for experimenting, and a place to store my go-to code and starter templates for building new WordPress sites. I…","Welcome to DGW.ltd—a theme and plugin I built as a playground for experimenting, and a place to store my go-to code and starter templates for building new WordPress sites. I thought it’d also be a good spot to share some musings about WordPress—thoughts, ideas, and the occasional rant. I already have a blog, but it’s more the ramblings of an aging developer. Here, I wanted a space purely for talking about code. So, here goes.",80,1,Random,,,,/2022/12/IMG_6595-jpg.webp,"DeLorean time machine near a lake",,,,,
450,"&lt;! Hello world />",hello-world-2,post,publish,"2024-12-20 13:20:15",1,dgwltd,"2024-12-26 18:01:13",https://dev.dgw.ltd.ddev.site:8443/2024/12/20/hello-world-2/,"I was going to do my first proper post on here, detailing how I got WordPress’ theme.json into my CSS pipeline. I started said post, added a couple of code…","I was going to do my first proper post on here, detailing how I got WordPress’ theme.json into my CSS pipeline. I started said post, added a couple of code blocks and well….meh. It just wasn’t very inspiring, monospaced white type on a back background. I had a little look around for some syntax highlighting options. Obviously there are loads and this would be fine. But but but. The point about this blog was to be as WordPress-y as possible. WordPress despite its recent dram...",539,3,Code,,,,/2024/12/carbon.png,,,,,,
448,WP.scss,wp-scss,post,publish,"2025-01-10 11:26:41",1,dgwltd,"2025-01-20 10:10:48",https://dev.dgw.ltd.ddev.site:8443/2025/01/10/wp-scss/,"Using WordPress' theme.json as a global data file in 11ty to generate a custom CSS file.","Increasingly I’ve been including 11ty in my WordPress builds as part of the theme. Great for static assets, such as offline.html, or using inbuilt features such as addPassthroughCopy to move assets around the theme. But part of the problem I’ve had is how do I get my static files looking the same as the WordPress theme, it’s easy enough to link to the main stylesheet I am generating. But WordPress generates a bunch more stuff on the fly that we’ll need if we want full pa...",1432,7,Code,,,,/2025/01/carbon-theme-json.png,"Code showing theme.json being set as global data in an 11ty instance",,,,,
483,Inquirer.js,inquirer-js,post,publish,"2025-01-17 15:47:02",1,dgwltd,"2025-01-17 17:52:49",https://dev.dgw.ltd.ddev.site:8443/2025/01/17/inquirer-js/,"An increasing number of posts appears to be focusing on how to get content *out* of WordPress. Lol. Well needs must etc. Last time we looked at styles. So this…","An increasing number of posts appears to be focusing on how to get content *out* of WordPress. Lol. Well needs must etc. Last time we looked at styles. So this week how about some content wrangling? The goal is to get the WordPress page/post content into our Eleventy instance for processing. Firstly 11ty/import basically just does this wooo. Now that’s a great option, but we might want a little more control over the output, maybe we want to get some ACF fields or some post meta ...",583,3,Code,,,,/2025/01/inquirer-vid.jpg,"Screenshot of a video showing some terminal commands to run an export process for blog posts",,,,,
502,"Hello, GOV",hello-gov,post,publish,"2025-07-17 08:55:34",1,dgwltd,"2025-07-17 08:55:34",https://dev.dgw.ltd.ddev.site:8443/2025/07/17/hello-gov/,"I really really love the GOV.UK design system, and the Frontend framework that enables it GOV.UK Frontend. It’s an absolute tour de force of a design system tested on 68.35…","I really really love the GOV.UK design system, and the Frontend framework that enables it GOV.UK Frontend. It’s an absolute tour de force of a design system tested on 68.35 million people1. It’s battle hardened, robust and accessible. Essentially it’s the gold standard for common components and form design. It follows Government Design Principles and GOV.UK Service Manual. As such it’s often a no brainer for me including it on WordPress builds. The simplest app...",1516,8,Code,,,,/2025/01/Screenshot-2025-01-29-at-15.28.58.png,,,,,,
639,"Ultimate Marketing Guide - Part 1",ultimate-marketing-guide-part-1,post,publish,"2025-07-17 14:06:23",0,,"2025-07-17 14:06:23",https://dev.dgw.ltd.ddev.site:8443/2025/07/17/ultimate-marketing-guide-part-1/,"Default content when API is unavailable. Generated on 2025-07-17 15:06:22","Default content when API is unavailable. Generated on 2025-07-17 15:06:22",10,1,Uncategorized,,,,,,,,,,
640,"Beginner's Technology Handbook - Part 2",beginners-technology-handbook-part-2,post,publish,"2025-07-17 14:06:25",0,,"2025-07-17 14:06:25",https://dev.dgw.ltd.ddev.site:8443/2025/07/17/beginners-technology-handbook-part-2/,"Default content when API is unavailable. Generated on 2025-07-17 15:06:24","Default content when API is unavailable. Generated on 2025-07-17 15:06:24",10,1,Uncategorized,,,,,,,,,,
641,"Advanced Business Guide - Part 3",advanced-business-guide-part-3,post,publish,"2025-07-17 14:06:27",0,,"2025-07-17 14:06:27",https://dev.dgw.ltd.ddev.site:8443/2025/07/17/advanced-business-guide-part-3/,"Default content when API is unavailable. Generated on 2025-07-17 15:06:26","Default content when API is unavailable. Generated on 2025-07-17 15:06:26",10,1,Uncategorized,,,,,,,,,,
642,"Beginner's Marketing Study - Part 4",beginners-marketing-study-part-4,post,publish,"2025-07-17 14:06:29",0,,"2025-07-17 14:06:29",https://dev.dgw.ltd.ddev.site:8443/2025/07/17/beginners-marketing-study-part-4/,"Default content when API is unavailable. Generated on 2025-07-17 15:06:28","Default content when API is unavailable. Generated on 2025-07-17 15:06:28",10,1,Uncategorized,,,,,,,,,,
643,"Amazing Strategy Guide - Part 5",amazing-strategy-guide-part-5,post,publish,"2025-07-17 14:06:31",0,,"2025-07-17 14:06:31",https://dev.dgw.ltd.ddev.site:8443/2025/07/17/amazing-strategy-guide-part-5/,"Default content when API is unavailable. Generated on 2025-07-17 15:06:30","Default content when API is unavailable. Generated on 2025-07-17 15:06:30",10,1,Uncategorized,,,,,,,,,,
644,"Complete Business Tutorial - Part 6",complete-business-tutorial-part-6,post,publish,"2025-07-17 14:06:34",0,,"2025-07-17 14:06:34",https://dev.dgw.ltd.ddev.site:8443/2025/07/17/complete-business-tutorial-part-6/,"Default content when API is unavailable. Generated on 2025-07-17 15:06:32","Default content when API is unavailable. Generated on 2025-07-17 15:06:32",10,1,Uncategorized,,,,,,,,,,
645,"Beginner's Management Tutorial - Part 7",beginners-management-tutorial-part-7,post,publish,"2025-07-17 14:06:36",0,,"2025-07-17 14:06:36",https://dev.dgw.ltd.ddev.site:8443/2025/07/17/beginners-management-tutorial-part-7/,"Default content when API is unavailable. Generated on 2025-07-17 15:06:35","Default content when API is unavailable. Generated on 2025-07-17 15:06:35",10,1,Uncategorized,,,,,,,,,,
646,"Beginner's Technology Tutorial - Part 8",beginners-technology-tutorial-part-8,post,publish,"2025-07-17 14:06:38",0,,"2025-07-17 14:06:38",https://dev.dgw.ltd.ddev.site:8443/2025/07/17/beginners-technology-tutorial-part-8/,"Default content when API is unavailable. Generated on 2025-07-17 15:06:37","Default content when API is unavailable. Generated on 2025-07-17 15:06:37",10,1,Uncategorized,,,,,,,,,,
647,"Amazing Development Tutorial - Part 9",amazing-development-tutorial-part-9,post,publish,"2025-07-17 14:06:40",0,,"2025-07-17 14:06:40",https://dev.dgw.ltd.ddev.site:8443/2025/07/17/amazing-development-tutorial-part-9/,"Default content when API is unavailable. Generated on 2025-07-17 15:06:39","Default content when API is unavailable. Generated on 2025-07-17 15:06:39",10,1,Uncategorized,,,,,,,,,,
648,"Modern Marketing Analysis - Part 10",modern-marketing-analysis-part-10,post,publish,"2025-07-17 14:06:42",0,,"2025-07-17 14:06:42",https://dev.dgw.ltd.ddev.site:8443/2025/07/17/modern-marketing-analysis-part-10/,"Default content when API is unavailable. Generated on 2025-07-17 15:06:41","Default content when API is unavailable. Generated on 2025-07-17 15:06:41",10,1,Uncategorized,,,,,,,,,,
649,"Complete Technology Study - Part 11",complete-technology-study-part-11,post,publish,"2025-07-17 14:06:44",0,,"2025-07-17 14:06:44",https://dev.dgw.ltd.ddev.site:8443/2025/07/17/complete-technology-study-part-11/,"Default content when API is unavailable. Generated on 2025-07-17 15:06:43","Default content when API is unavailable. Generated on 2025-07-17 15:06:43",10,1,Uncategorized,,,,,,,,,,
650,"Complete Design Study - Part 12",complete-design-study-part-12,post,publish,"2025-07-17 14:06:46",0,,"2025-07-17 14:06:46",https://dev.dgw.ltd.ddev.site:8443/2025/07/17/complete-design-study-part-12/,"Default content when API is unavailable. Generated on 2025-07-17 15:06:45","Default content when API is unavailable. Generated on 2025-07-17 15:06:45",10,1,Uncategorized,,,,,,,,,,
651,"Complete Innovation Study - Part 13",complete-innovation-study-part-13,post,publish,"2025-07-17 14:06:49",0,,"2025-07-17 14:06:49",https://dev.dgw.ltd.ddev.site:8443/2025/07/17/complete-innovation-study-part-13/,"Default content when API is unavailable. Generated on 2025-07-17 15:06:47","Default content when API is unavailable. Generated on 2025-07-17 15:06:47",10,1,Uncategorized,,,,,,,,,,
652,"Amazing Management Overview - Part 14",amazing-management-overview-part-14,post,publish,"2025-07-17 14:06:51",0,,"2025-07-17 14:06:51",https://dev.dgw.ltd.ddev.site:8443/2025/07/17/amazing-management-overview-part-14/,"Default content when API is unavailable. Generated on 2025-07-17 15:06:49","Default content when API is unavailable. Generated on 2025-07-17 15:06:49",10,1,Uncategorized,,,,,,,,,,
653,"Amazing Business Overview - Part 15",amazing-business-overview-part-15,post,publish,"2025-07-17 14:06:53",0,,"2025-07-17 14:06:53",https://dev.dgw.ltd.ddev.site:8443/2025/07/17/amazing-business-overview-part-15/,"Default content when API is unavailable. Generated on 2025-07-17 15:06:51","Default content when API is unavailable. Generated on 2025-07-17 15:06:51",10,1,Uncategorized,,,,,,,,,,
654,"Advanced Innovation Analysis - Part 16",advanced-innovation-analysis-part-16,post,publish,"2025-07-17 14:06:55",0,,"2025-07-17 14:06:55",https://dev.dgw.ltd.ddev.site:8443/2025/07/17/advanced-innovation-analysis-part-16/,"Default content when API is unavailable. Generated on 2025-07-17 15:06:53","Default content when API is unavailable. Generated on 2025-07-17 15:06:53",10,1,Uncategorized,,,,,,,,,,
655,"Beginner's Marketing Analysis - Part 17",beginners-marketing-analysis-part-17,post,publish,"2025-07-17 14:06:57",0,,"2025-07-17 14:06:57",https://dev.dgw.ltd.ddev.site:8443/2025/07/17/beginners-marketing-analysis-part-17/,"Default content when API is unavailable. Generated on 2025-07-17 15:06:55","Default content when API is unavailable. Generated on 2025-07-17 15:06:55",10,1,Uncategorized,,,,,,,,,,
656,"Modern Design Introduction - Part 18",modern-design-introduction-part-18,post,publish,"2025-07-17 14:07:00",0,,"2025-07-17 14:07:00",https://dev.dgw.ltd.ddev.site:8443/2025/07/17/modern-design-introduction-part-18/,"Default content when API is unavailable. Generated on 2025-07-17 15:06:58","Default content when API is unavailable. Generated on 2025-07-17 15:06:58",10,1,Uncategorized,,,,,,,,,,
657,"Beginner's Development Overview - Part 19",beginners-development-overview-part-19,post,publish,"2025-07-17 14:07:02",0,,"2025-07-17 14:07:02",https://dev.dgw.ltd.ddev.site:8443/2025/07/17/beginners-development-overview-part-19/,"Default content when API is unavailable. Generated on 2025-07-17 15:07:00","Default content when API is unavailable. Generated on 2025-07-17 15:07:00",10,1,Uncategorized,,,,,,,,,,
658,"Modern Technology Review - Part 20",modern-technology-review-part-20,post,publish,"2025-07-17 14:07:04",1,dgwltd,"2025-07-18 10:13:21",https://dev.dgw.ltd.ddev.site:8443/2025/07/17/modern-technology-review-part-20/,"Default content when API is unavailable. Generated on 2025-07-17 15:07:03","Default content when API is unavailable. Generated on 2025-07-17 15:07:03",10,1,Uncategorized,,,,,,,,,,
666,"Modern Management Introduction - Part 1",modern-management-introduction-part-1,post,publish,"2025-07-18 10:23:49",0,,"2025-07-18 10:23:49",https://dev.dgw.ltd.ddev.site:8443/2025/07/18/modern-management-introduction-part-1/,"Default content when API is unavailable. Generated on 2025-07-18 11:23:48","Default content when API is unavailable. Generated on 2025-07-18 11:23:48",10,1,business,,,,,,,,,,
667,"Practical Strategy Handbook - Part 2",practical-strategy-handbook-part-2,post,publish,"2025-07-18 10:23:51",0,,"2025-07-18 10:23:51",https://dev.dgw.ltd.ddev.site:8443/2025/07/18/practical-strategy-handbook-part-2/,"Default content when API is unavailable. Generated on 2025-07-18 11:23:50","Default content when API is unavailable. Generated on 2025-07-18 11:23:50",10,1,"business,design,technology",,,,,,,,,,
668,"Ultimate Development Tutorial - Part 3",ultimate-development-tutorial-part-3,post,publish,"2025-07-18 10:23:53",0,,"2025-07-18 10:23:53",https://dev.dgw.ltd.ddev.site:8443/2025/07/18/ultimate-development-tutorial-part-3/,"Default content when API is unavailable. Generated on 2025-07-18 11:23:52","Default content when API is unavailable. Generated on 2025-07-18 11:23:52",10,1,"design,tutorial",,,,,,,,,,
669,"Modern Technology Handbook - Part 4",modern-technology-handbook-part-4,post,publish,"2025-07-18 10:23:55",0,,"2025-07-18 10:23:55",https://dev.dgw.ltd.ddev.site:8443/2025/07/18/modern-technology-handbook-part-4/,"Default content when API is unavailable. Generated on 2025-07-18 11:23:54","Default content when API is unavailable. Generated on 2025-07-18 11:23:54",10,1,news,,,,,,,,,,
670,"Complete Business Tutorial - Part 5",complete-business-tutorial-part-5,post,publish,"2025-07-18 10:23:57",0,,"2025-07-18 10:23:57",https://dev.dgw.ltd.ddev.site:8443/2025/07/18/complete-business-tutorial-part-5/,"Default content when API is unavailable. Generated on 2025-07-18 11:23:56","Default content when API is unavailable. Generated on 2025-07-18 11:23:56",10,1,"design,guide",,,,,,,,,,
671,"Beginner's Management Analysis - Part 6",beginners-management-analysis-part-6,post,publish,"2025-07-18 10:23:59",0,,"2025-07-18 10:23:59",https://dev.dgw.ltd.ddev.site:8443/2025/07/18/beginners-management-analysis-part-6/,"Default content when API is unavailable. Generated on 2025-07-18 11:23:58","Default content when API is unavailable. Generated on 2025-07-18 11:23:58",10,1,"design,guide",,,,,,,,,,
672,"Essential Technology Study - Part 7",essential-technology-study-part-7,post,publish,"2025-07-18 10:24:02",0,,"2025-07-18 10:24:02",https://dev.dgw.ltd.ddev.site:8443/2025/07/18/essential-technology-study-part-7/,"Default content when API is unavailable. Generated on 2025-07-18 11:24:00","Default content when API is unavailable. Generated on 2025-07-18 11:24:00",10,1,"guide,technology",,,,,,,,,,
673,"Complete Innovation Study - Part 8",complete-innovation-study-part-8,post,publish,"2025-07-18 10:24:04",0,,"2025-07-18 10:24:04",https://dev.dgw.ltd.ddev.site:8443/2025/07/18/complete-innovation-study-part-8/,"Default content when API is unavailable. Generated on 2025-07-18 11:24:02","Default content when API is unavailable. Generated on 2025-07-18 11:24:02",10,1,"design,news,technology",,,,,,,,,,
674,"Practical Technology Review - Part 9",practical-technology-review-part-9,post,publish,"2025-07-18 10:24:06",0,,"2025-07-18 10:24:06",https://dev.dgw.ltd.ddev.site:8443/2025/07/18/practical-technology-review-part-9/,"Default content when API is unavailable. Generated on 2025-07-18 11:24:04","Default content when API is unavailable. Generated on 2025-07-18 11:24:04",10,1,"marketing,news",,,,,,,,,,
675,"Ultimate Strategy Handbook - Part 10",ultimate-strategy-handbook-part-10,post,publish,"2025-07-18 10:24:08",0,,"2025-07-18 10:24:08",https://dev.dgw.ltd.ddev.site:8443/2025/07/18/ultimate-strategy-handbook-part-10/,"Default content when API is unavailable. Generated on 2025-07-18 11:24:07","Default content when API is unavailable. Generated on 2025-07-18 11:24:07",10,1,"business,news",,,,,,,,,,
676,"Modern Marketing Review - Part 11",modern-marketing-review-part-11,post,publish,"2025-07-18 10:24:10",0,,"2025-07-18 10:24:10",https://dev.dgw.ltd.ddev.site:8443/2025/07/18/modern-marketing-review-part-11/,"Default content when API is unavailable. Generated on 2025-07-18 11:24:09","Default content when API is unavailable. Generated on 2025-07-18 11:24:09",10,1,"design,technology,tutorial",,,,,,,,,,
677,"Advanced Design Analysis - Part 12",advanced-design-analysis-part-12,post,publish,"2025-07-18 10:24:12",0,,"2025-07-18 10:24:12",https://dev.dgw.ltd.ddev.site:8443/2025/07/18/advanced-design-analysis-part-12/,"Default content when API is unavailable. Generated on 2025-07-18 11:24:11","Default content when API is unavailable. Generated on 2025-07-18 11:24:11",10,1,"marketing,tutorial",,,,,,,,,,
678,"Practical Business Introduction - Part 13",practical-business-introduction-part-13,post,publish,"2025-07-18 10:24:14",0,,"2025-07-18 10:24:14",https://dev.dgw.ltd.ddev.site:8443/2025/07/18/practical-business-introduction-part-13/,"Default content when API is unavailable. Generated on 2025-07-18 11:24:13","Default content when API is unavailable. Generated on 2025-07-18 11:24:13",10,1,"guide,news,tutorial",,,,,,,,,,
679,"Essential Marketing Handbook - Part 14",essential-marketing-handbook-part-14,post,publish,"2025-07-18 10:24:16",0,,"2025-07-18 10:24:16",https://dev.dgw.ltd.ddev.site:8443/2025/07/18/essential-marketing-handbook-part-14/,"Default content when API is unavailable. Generated on 2025-07-18 11:24:15","Default content when API is unavailable. Generated on 2025-07-18 11:24:15",10,1,"design,guide,tutorial",,,,,,,,,,
680,"Beginner's Technology Review - Part 15",beginners-technology-review-part-15,post,publish,"2025-07-18 10:24:18",0,,"2025-07-18 10:24:18",https://dev.dgw.ltd.ddev.site:8443/2025/07/18/beginners-technology-review-part-15/,"Default content when API is unavailable. Generated on 2025-07-18 11:24:17","Default content when API is unavailable. Generated on 2025-07-18 11:24:17",10,1,"marketing,news,tutorial",,,,,,,,,,
681,"Advanced Business Study - Part 16",advanced-business-study-part-16,post,publish,"2025-07-18 10:24:20",0,,"2025-07-18 10:24:20",https://dev.dgw.ltd.ddev.site:8443/2025/07/18/advanced-business-study-part-16/,"Default content when API is unavailable. Generated on 2025-07-18 11:24:19","Default content when API is unavailable. Generated on 2025-07-18 11:24:19",10,1,guide,,,,,,,,,,
682,"Complete Design Overview - Part 17",complete-design-overview-part-17,post,publish,"2025-07-18 10:24:22",0,,"2025-07-18 10:24:22",https://dev.dgw.ltd.ddev.site:8443/2025/07/18/complete-design-overview-part-17/,"Default content when API is unavailable. Generated on 2025-07-18 11:24:21","Default content when API is unavailable. Generated on 2025-07-18 11:24:21",10,1,"news,technology",,,,,,,,,,
683,"Complete Management Overview - Part 18",complete-management-overview-part-18,post,publish,"2025-07-18 10:24:25",0,,"2025-07-18 10:24:25",https://dev.dgw.ltd.ddev.site:8443/2025/07/18/complete-management-overview-part-18/,"Default content when API is unavailable. Generated on 2025-07-18 11:24:23","Default content when API is unavailable. Generated on 2025-07-18 11:24:23",10,1,"business,guide",,,,,,,,,,
684,"Essential Strategy Tutorial - Part 19",essential-strategy-tutorial-part-19,post,publish,"2025-07-18 10:24:27",0,,"2025-07-18 10:24:27",https://dev.dgw.ltd.ddev.site:8443/2025/07/18/essential-strategy-tutorial-part-19/,"Default content when API is unavailable. Generated on 2025-07-18 11:24:25","Default content when API is unavailable. Generated on 2025-07-18 11:24:25",10,1,"design,technology",,,,,,,,,,
685,"Beginner's Innovation Introduction - Part 20",beginners-innovation-introduction-part-20,post,publish,"2025-07-18 10:24:29",0,,"2025-07-18 10:24:29",https://dev.dgw.ltd.ddev.site:8443/2025/07/18/beginners-innovation-introduction-part-20/,"Default content when API is unavailable. Generated on 2025-07-18 11:24:28","Default content when API is unavailable. Generated on 2025-07-18 11:24:28",10,1,"design,news",,,,,,,,,,
686,"Practical Marketing Introduction - Part 1",practical-marketing-introduction-part-1,post,publish,"2025-07-18 10:26:41",0,,"2025-07-18 10:26:41",https://dev.dgw.ltd.ddev.site:8443/2025/07/18/practical-marketing-introduction-part-1/,"Default content when API is unavailable. Generated on 2025-07-18 11:26:40","Default content when API is unavailable. Generated on 2025-07-18 11:26:40",10,1,marketing,"html,nodejs,performance,php,react",,,,,,,,,
687,"Advanced Design Review - Part 2",advanced-design-review-part-2,post,publish,"2025-07-18 10:26:43",0,,"2025-07-18 10:26:43",https://dev.dgw.ltd.ddev.site:8443/2025/07/18/advanced-design-review-part-2/,"Default content when API is unavailable. Generated on 2025-07-18 11:26:42","Default content when API is unavailable. Generated on 2025-07-18 11:26:42",10,1,marketing,"automation,frameworks,performance,security,seo,testing",,,,,,,,,
688,"Amazing Development Tutorial - Part 3",amazing-development-tutorial-part-3,post,publish,"2025-07-18 10:26:46",0,,"2025-07-18 10:26:46",https://dev.dgw.ltd.ddev.site:8443/2025/07/18/amazing-development-tutorial-part-3/,"Default content when API is unavailable. Generated on 2025-07-18 11:26:44","Default content when API is unavailable. Generated on 2025-07-18 11:26:44",10,1,development,"database,frontend,nodejs,python,seo",,,,,,,,,
689,"Practical Technology Handbook - Part 4",practical-technology-handbook-part-4,post,publish,"2025-07-18 10:26:48",0,,"2025-07-18 10:26:48",https://dev.dgw.ltd.ddev.site:8443/2025/07/18/practical-technology-handbook-part-4/,"Default content when API is unavailable. Generated on 2025-07-18 11:26:47","Default content when API is unavailable. Generated on 2025-07-18 11:26:47",10,1,news,"api,deployment,javascript,nodejs",,,,,,,,,
690,"Ultimate Strategy Review - Part 5",ultimate-strategy-review-part-5,post,publish,"2025-07-18 10:26:50",0,,"2025-07-18 10:26:50",https://dev.dgw.ltd.ddev.site:8443/2025/07/18/ultimate-strategy-review-part-5/,"Default content when API is unavailable. Generated on 2025-07-18 11:26:49","Default content when API is unavailable. Generated on 2025-07-18 11:26:49",10,1,business,"backend,deployment,php",,,,,,,,,
691,"Complete Innovation Guide - Part 6",complete-innovation-guide-part-6,post,publish,"2025-07-18 10:26:52",0,,"2025-07-18 10:26:52",https://dev.dgw.ltd.ddev.site:8443/2025/07/18/complete-innovation-guide-part-6/,"Default content when API is unavailable. Generated on 2025-07-18 11:26:51","Default content when API is unavailable. Generated on 2025-07-18 11:26:51",10,1,"development,technology","nodejs,testing",,,,,,,,,
692,"Beginner's Management Introduction - Part 7",beginners-management-introduction-part-7,post,publish,"2025-07-18 10:26:54",0,,"2025-07-18 10:26:54",https://dev.dgw.ltd.ddev.site:8443/2025/07/18/beginners-management-introduction-part-7/,"Default content when API is unavailable. Generated on 2025-07-18 11:26:53","Default content when API is unavailable. Generated on 2025-07-18 11:26:53",10,1,"business,guide","deployment,html,nodejs,performance,php,responsive",,,,,,,,,
693,"Complete Business Tutorial - Part 8",complete-business-tutorial-part-8,post,publish,"2025-07-18 10:26:56",0,,"2025-07-18 10:26:56",https://dev.dgw.ltd.ddev.site:8443/2025/07/18/complete-business-tutorial-part-8/,"Default content when API is unavailable. Generated on 2025-07-18 11:26:55","Default content when API is unavailable. Generated on 2025-07-18 11:26:55",10,1,"guide,technology","backend,testing",,,,,,,,,
694,"Amazing Innovation Introduction - Part 9",amazing-innovation-introduction-part-9,post,publish,"2025-07-18 10:26:58",0,,"2025-07-18 10:26:58",https://dev.dgw.ltd.ddev.site:8443/2025/07/18/amazing-innovation-introduction-part-9/,"Default content when API is unavailable. Generated on 2025-07-18 11:26:57","Default content when API is unavailable. Generated on 2025-07-18 11:26:57",10,1,"development,news","automation,css,frontend,javascript,react,wordpress",,,,,,,,,
695,"Modern Strategy Guide - Part 10",modern-strategy-guide-part-10,post,publish,"2025-07-18 10:27:01",0,,"2025-07-18 10:27:01",https://dev.dgw.ltd.ddev.site:8443/2025/07/18/modern-strategy-guide-part-10/,"Default content when API is unavailable. Generated on 2025-07-18 11:26:59","Default content when API is unavailable. Generated on 2025-07-18 11:26:59",10,1,"business,news","python,testing",,,,,,,,,
696,"Beginner's Strategy Handbook - Part 11",beginners-strategy-handbook-part-11,post,publish,"2025-07-18 10:27:03",0,,"2025-07-18 10:27:03",https://dev.dgw.ltd.ddev.site:8443/2025/07/18/beginners-strategy-handbook-part-11/,"Default content when API is unavailable. Generated on 2025-07-18 11:27:01","Default content when API is unavailable. Generated on 2025-07-18 11:27:01",10,1,"business,marketing,technology","api,backend,frameworks,frontend,react,responsive",,,,,,,,,
697,"Practical Management Review - Part 12",practical-management-review-part-12,post,publish,"2025-07-18 10:27:05",0,,"2025-07-18 10:27:05",https://dev.dgw.ltd.ddev.site:8443/2025/07/18/practical-management-review-part-12/,"Default content when API is unavailable. Generated on 2025-07-18 11:27:03","Default content when API is unavailable. Generated on 2025-07-18 11:27:03",10,1,"design,development,marketing","html,python,react,responsive,wordpress",,,,,,,,,
698,"Beginner's Design Study - Part 13",beginners-design-study-part-13,post,publish,"2025-07-18 10:27:07",0,,"2025-07-18 10:27:07",https://dev.dgw.ltd.ddev.site:8443/2025/07/18/beginners-design-study-part-13/,"Default content when API is unavailable. Generated on 2025-07-18 11:27:06","Default content when API is unavailable. Generated on 2025-07-18 11:27:06",10,1,"development,tutorial","automation,html,responsive",,,,,,,,,
699,"Practical Marketing Overview - Part 14",practical-marketing-overview-part-14,post,publish,"2025-07-18 10:27:09",0,,"2025-07-18 10:27:09",https://dev.dgw.ltd.ddev.site:8443/2025/07/18/practical-marketing-overview-part-14/,"Default content when API is unavailable. Generated on 2025-07-18 11:27:07","Default content when API is unavailable. Generated on 2025-07-18 11:27:07",10,1,"technology,tutorial","php,wordpress",,,,,,,,,
700,"Ultimate Technology Study - Part 15",ultimate-technology-study-part-15,post,publish,"2025-07-18 10:27:11",0,,"2025-07-18 10:27:11",https://dev.dgw.ltd.ddev.site:8443/2025/07/18/ultimate-technology-study-part-15/,"Default content when API is unavailable. Generated on 2025-07-18 11:27:09","Default content when API is unavailable. Generated on 2025-07-18 11:27:09",10,1,"development,guide,news","automation,deployment,frameworks,frontend,responsive,security",,,,,,,,,
701,"Complete Business Tutorial - Part 16",complete-business-tutorial-part-16,post,publish,"2025-07-18 10:27:13",0,,"2025-07-18 10:27:13",https://dev.dgw.ltd.ddev.site:8443/2025/07/18/complete-business-tutorial-part-16/,"Default content when API is unavailable. Generated on 2025-07-18 11:27:11","Default content when API is unavailable. Generated on 2025-07-18 11:27:11",10,1,technology,"api,automation,backend,javascript,security",,,,,,,,,
702,"Advanced Management Overview - Part 17",advanced-management-overview-part-17,post,publish,"2025-07-18 10:27:14",0,,"2025-07-18 10:27:14",https://dev.dgw.ltd.ddev.site:8443/2025/07/18/advanced-management-overview-part-17/,"Default content when API is unavailable. Generated on 2025-07-18 11:27:13","Default content when API is unavailable. Generated on 2025-07-18 11:27:13",10,1,"design,news,tutorial","api,backend,deployment,nodejs",,,,,,,,,
703,"Essential Technology Study - Part 18",essential-technology-study-part-18,post,publish,"2025-07-18 10:27:16",0,,"2025-07-18 10:27:16",https://dev.dgw.ltd.ddev.site:8443/2025/07/18/essential-technology-study-part-18/,"Default content when API is unavailable. Generated on 2025-07-18 11:27:15","Default content when API is unavailable. Generated on 2025-07-18 11:27:15",10,1,news,"nodejs,php,security,testing,wordpress",,,,,,,,,
704,"Beginner's Strategy Overview - Part 19",beginners-strategy-overview-part-19,post,publish,"2025-07-18 10:27:18",0,,"2025-07-18 10:27:18",https://dev.dgw.ltd.ddev.site:8443/2025/07/18/beginners-strategy-overview-part-19/,"Default content when API is unavailable. Generated on 2025-07-18 11:27:17","Default content when API is unavailable. Generated on 2025-07-18 11:27:17",10,1,technology,"css,frontend,python",,,,,,,,,
705,"Practical Management Study - Part 20",practical-management-study-part-20,post,publish,"2025-07-18 10:27:20",0,,"2025-07-18 10:27:20",https://dev.dgw.ltd.ddev.site:8443/2025/07/18/practical-management-study-part-20/,"Default content when API is unavailable. Generated on 2025-07-18 11:27:19","Default content when API is unavailable. Generated on 2025-07-18 11:27:19",10,1,design,"css,javascript,php,wordpress",,,,,,,,,
706,"Modern Marketing Handbook - Part 1",modern-marketing-handbook-part-1,post,publish,"2025-07-18 10:28:50",0,,"2025-07-18 10:28:50",https://dev.dgw.ltd.ddev.site:8443/2025/07/18/modern-marketing-handbook-part-1/,"Default content when API is unavailable. Generated on 2025-07-18 11:28:49","Default content when API is unavailable. Generated on 2025-07-18 11:28:49",10,1,marketing,"javascript,python,seo",,,,,,,,,
707,"Complete Strategy Analysis - Part 2",complete-strategy-analysis-part-2,post,publish,"2025-07-18 10:28:54",0,,"2025-07-18 10:28:54",https://dev.dgw.ltd.ddev.site:8443/2025/07/18/complete-strategy-analysis-part-2/,"Default content when API is unavailable. Generated on 2025-07-18 11:28:52","Default content when API is unavailable. Generated on 2025-07-18 11:28:52",10,1,"guide,marketing,technology","frameworks,performance",,,,,,,,,
708,"Beginner's Marketing Tutorial - Part 3",beginners-marketing-tutorial-part-3,post,publish,"2025-07-18 10:28:56",0,,"2025-07-18 10:28:56",https://dev.dgw.ltd.ddev.site:8443/2025/07/18/beginners-marketing-tutorial-part-3/,"Default content when API is unavailable. Generated on 2025-07-18 11:28:54","Default content when API is unavailable. Generated on 2025-07-18 11:28:54",10,1,tutorial,"seo,testing",,,,,,,,,
709,"Ultimate Design Overview - Part 4",ultimate-design-overview-part-4,post,publish,"2025-07-18 10:28:58",0,,"2025-07-18 10:28:58",https://dev.dgw.ltd.ddev.site:8443/2025/07/18/ultimate-design-overview-part-4/,"Default content when API is unavailable. Generated on 2025-07-18 11:28:57","Default content when API is unavailable. Generated on 2025-07-18 11:28:57",10,1,marketing,"automation,backend,deployment,python,responsive,wordpress",,,,,,,,,
710,"Advanced Business Study - Part 5",advanced-business-study-part-5,post,publish,"2025-07-18 10:29:00",0,,"2025-07-18 10:29:00",https://dev.dgw.ltd.ddev.site:8443/2025/07/18/advanced-business-study-part-5/,"Default content when API is unavailable. Generated on 2025-07-18 11:28:59","Default content when API is unavailable. Generated on 2025-07-18 11:28:59",10,1,"guide,news","css,javascript,nodejs,security,wordpress",,,,,,,,,
711,"Essential Innovation Overview - Part 6",essential-innovation-overview-part-6,post,publish,"2025-07-18 10:29:02",0,,"2025-07-18 10:29:02",https://dev.dgw.ltd.ddev.site:8443/2025/07/18/essential-innovation-overview-part-6/,"Default content when API is unavailable. Generated on 2025-07-18 11:29:01","Default content when API is unavailable. Generated on 2025-07-18 11:29:01",10,1,"design,news","frontend,javascript,python,seo",,,,,,,,,
712,"Advanced Design Guide - Part 7",advanced-design-guide-part-7,post,publish,"2025-07-18 10:29:05",0,,"2025-07-18 10:29:05",https://dev.dgw.ltd.ddev.site:8443/2025/07/18/advanced-design-guide-part-7/,"Default content when API is unavailable. Generated on 2025-07-18 11:29:03","Default content when API is unavailable. Generated on 2025-07-18 11:29:03",10,1,"business,development,marketing","automation,css,javascript,performance,react",,,,,,,,,
713,"Ultimate Strategy Tutorial - Part 8",ultimate-strategy-tutorial-part-8,post,publish,"2025-07-18 10:29:07",0,,"2025-07-18 10:29:07",https://dev.dgw.ltd.ddev.site:8443/2025/07/18/ultimate-strategy-tutorial-part-8/,"Default content when API is unavailable. Generated on 2025-07-18 11:29:05","Default content when API is unavailable. Generated on 2025-07-18 11:29:05",10,1,"news,technology","deployment,frameworks,frontend,security",,,,,,,,,
714,"Amazing Marketing Study - Part 9",amazing-marketing-study-part-9,post,publish,"2025-07-18 10:29:09",0,,"2025-07-18 10:29:09",https://dev.dgw.ltd.ddev.site:8443/2025/07/18/amazing-marketing-study-part-9/,"Default content when API is unavailable. Generated on 2025-07-18 11:29:08","Default content when API is unavailable. Generated on 2025-07-18 11:29:08",10,1,"business,marketing","backend,html",,,,,,,,,
715,"Essential Design Review - Part 10",essential-design-review-part-10,post,publish,"2025-07-18 10:29:11",0,,"2025-07-18 10:29:11",https://dev.dgw.ltd.ddev.site:8443/2025/07/18/essential-design-review-part-10/,"Default content when API is unavailable. Generated on 2025-07-18 11:29:10","Default content when API is unavailable. Generated on 2025-07-18 11:29:10",10,1,"development,marketing","nodejs,performance,php,react,security,seo",,,,,,,,,
716,"Advanced Marketing Handbook - Part 11",advanced-marketing-handbook-part-11,post,publish,"2025-07-18 10:29:13",0,,"2025-07-18 10:29:13",https://dev.dgw.ltd.ddev.site:8443/2025/07/18/advanced-marketing-handbook-part-11/,"Default content when API is unavailable. Generated on 2025-07-18 11:29:12","Default content when API is unavailable. Generated on 2025-07-18 11:29:12",10,1,"news,tutorial","frameworks,frontend,nodejs,performance,responsive",,,,,,,,,
717,"Beginner's Technology Handbook - Part 12",beginners-technology-handbook-part-12,post,publish,"2025-07-18 10:29:16",0,,"2025-07-18 10:29:16",https://dev.dgw.ltd.ddev.site:8443/2025/07/18/beginners-technology-handbook-part-12/,"Default content when API is unavailable. Generated on 2025-07-18 11:29:14","Default content when API is unavailable. Generated on 2025-07-18 11:29:14",10,1,"news,technology","automation,html,php,react",,,,,,,,,
718,"Complete Business Handbook - Part 13",complete-business-handbook-part-13,post,publish,"2025-07-18 10:29:18",0,,"2025-07-18 10:29:18",https://dev.dgw.ltd.ddev.site:8443/2025/07/18/complete-business-handbook-part-13/,"Default content when API is unavailable. Generated on 2025-07-18 11:29:16","Default content when API is unavailable. Generated on 2025-07-18 11:29:16",10,1,"business,tutorial","api,backend,php,testing",,,,,,,,,
719,"Essential Management Guide - Part 14",essential-management-guide-part-14,post,publish,"2025-07-18 10:29:20",0,,"2025-07-18 10:29:20",https://dev.dgw.ltd.ddev.site:8443/2025/07/18/essential-management-guide-part-14/,"Default content when API is unavailable. Generated on 2025-07-18 11:29:19","Default content when API is unavailable. Generated on 2025-07-18 11:29:19",10,1,design,"css,responsive,testing",,,,,,,,,
720,"Beginner's Design Introduction - Part 15",beginners-design-introduction-part-15,post,publish,"2025-07-18 10:29:22",0,,"2025-07-18 10:29:22",https://dev.dgw.ltd.ddev.site:8443/2025/07/18/beginners-design-introduction-part-15/,"Default content when API is unavailable. Generated on 2025-07-18 11:29:21","Default content when API is unavailable. Generated on 2025-07-18 11:29:21",10,1,"development,news","automation,seo",,,,,,,,,
721,"Essential Innovation Analysis - Part 16",essential-innovation-analysis-part-16,post,publish,"2025-07-18 10:29:24",0,,"2025-07-18 10:29:24",https://dev.dgw.ltd.ddev.site:8443/2025/07/18/essential-innovation-analysis-part-16/,"Default content when API is unavailable. Generated on 2025-07-18 11:29:23","Default content when API is unavailable. Generated on 2025-07-18 11:29:23",10,1,technology,"frontend,wordpress",,,,,,,,,
722,"Advanced Design Handbook - Part 17",advanced-design-handbook-part-17,post,publish,"2025-07-18 10:29:26",0,,"2025-07-18 10:29:26",https://dev.dgw.ltd.ddev.site:8443/2025/07/18/advanced-design-handbook-part-17/,"Default content when API is unavailable. Generated on 2025-07-18 11:29:25","Default content when API is unavailable. Generated on 2025-07-18 11:29:25",10,1,"development,marketing","frontend,python",,,,,,,,,
723,"Ultimate Strategy Review - Part 18",ultimate-strategy-review-part-18,post,publish,"2025-07-18 10:29:28",0,,"2025-07-18 10:29:28",https://dev.dgw.ltd.ddev.site:8443/2025/07/18/ultimate-strategy-review-part-18/,"Default content when API is unavailable. Generated on 2025-07-18 11:29:27","Default content when API is unavailable. Generated on 2025-07-18 11:29:27",10,1,"business,guide,tutorial","api,backend,database,html,react,wordpress",,,,,,,,,
724,"Advanced Development Handbook - Part 19",advanced-development-handbook-part-19,post,publish,"2025-07-18 10:29:31",0,,"2025-07-18 10:29:31",https://dev.dgw.ltd.ddev.site:8443/2025/07/18/advanced-development-handbook-part-19/,"Default content when API is unavailable. Generated on 2025-07-18 11:29:29","Default content when API is unavailable. Generated on 2025-07-18 11:29:29",10,1,"business,design,guide","deployment,nodejs",,,,,,,,,
725,"Essential Technology Introduction - Part 20",essential-technology-introduction-part-20,post,publish,"2025-07-18 10:29:33",0,,"2025-07-18 10:29:33",https://dev.dgw.ltd.ddev.site:8443/2025/07/18/essential-technology-introduction-part-20/,"Default content when API is unavailable. Generated on 2025-07-18 11:29:31","Default content when API is unavailable. Generated on 2025-07-18 11:29:31",10,1,"business,development,guide","api,database,php,testing",,,,,,,,,
726,"Ultimate Business Analysis - Part 21",ultimate-business-analysis-part-21,post,publish,"2025-07-18 10:29:35",0,,"2025-07-18 10:29:35",https://dev.dgw.ltd.ddev.site:8443/2025/07/18/ultimate-business-analysis-part-21/,"Default content when API is unavailable. Generated on 2025-07-18 11:29:33","Default content when API is unavailable. Generated on 2025-07-18 11:29:33",10,1,guide,"api,deployment,javascript,nodejs,react,testing",,,,,,,,,
727,"Beginner's Management Study - Part 22",beginners-management-study-part-22,post,publish,"2025-07-18 10:29:37",0,,"2025-07-18 10:29:37",https://dev.dgw.ltd.ddev.site:8443/2025/07/18/beginners-management-study-part-22/,"Default content when API is unavailable. Generated on 2025-07-18 11:29:35","Default content when API is unavailable. Generated on 2025-07-18 11:29:35",10,1,"business,design,technology","automation,javascript,php,react",,,,,,,,,
728,"Beginner's Design Study - Part 23",beginners-design-study-part-23,post,publish,"2025-07-18 10:29:39",0,,"2025-07-18 10:29:39",https://dev.dgw.ltd.ddev.site:8443/2025/07/18/beginners-design-study-part-23/,"Default content when API is unavailable. Generated on 2025-07-18 11:29:38","Default content when API is unavailable. Generated on 2025-07-18 11:29:38",10,1,"design,marketing,news","performance,python",,,,,,,,,
729,"Essential Innovation Tutorial - Part 24",essential-innovation-tutorial-part-24,post,publish,"2025-07-18 10:29:41",0,,"2025-07-18 10:29:41",https://dev.dgw.ltd.ddev.site:8443/2025/07/18/essential-innovation-tutorial-part-24/,"Default content when API is unavailable. Generated on 2025-07-18 11:29:40","Default content when API is unavailable. Generated on 2025-07-18 11:29:40",10,1,technology,"automation,css,deployment,javascript,testing,wordpress",,,,,,,,,
730,"Beginner's Management Analysis - Part 25",beginners-management-analysis-part-25,post,publish,"2025-07-18 10:29:43",0,,"2025-07-18 10:29:43",https://dev.dgw.ltd.ddev.site:8443/2025/07/18/beginners-management-analysis-part-25/,"Default content when API is unavailable. Generated on 2025-07-18 11:29:42","Default content when API is unavailable. Generated on 2025-07-18 11:29:42",10,1,"business,news,technology","css,nodejs,react,responsive,security",,,,,,,,,
731,"Complete Business Tutorial - Part 26",complete-business-tutorial-part-26,post,publish,"2025-07-18 10:29:45",0,,"2025-07-18 10:29:45",https://dev.dgw.ltd.ddev.site:8443/2025/07/18/complete-business-tutorial-part-26/,"Default content when API is unavailable. Generated on 2025-07-18 11:29:44","Default content when API is unavailable. Generated on 2025-07-18 11:29:44",10,1,guide,"api,automation,database,html,performance,php",,,,,,,,,
732,"Amazing Innovation Analysis - Part 27",amazing-innovation-analysis-part-27,post,publish,"2025-07-18 10:29:47",0,,"2025-07-18 10:29:47",https://dev.dgw.ltd.ddev.site:8443/2025/07/18/amazing-innovation-analysis-part-27/,"Default content when API is unavailable. Generated on 2025-07-18 11:29:46","Default content when API is unavailable. Generated on 2025-07-18 11:29:46",10,1,technology,"backend,css,frameworks,react",,,,,,,,,
733,"Practical Marketing Handbook - Part 28",practical-marketing-handbook-part-28,post,publish,"2025-07-18 10:29:49",0,,"2025-07-18 10:29:49",https://dev.dgw.ltd.ddev.site:8443/2025/07/18/practical-marketing-handbook-part-28/,"Default content when API is unavailable. Generated on 2025-07-18 11:29:48","Default content when API is unavailable. Generated on 2025-07-18 11:29:48",10,1,"marketing,technology","frameworks,html,performance,react,testing",,,,,,,,,
734,"Amazing Business Analysis - Part 29",amazing-business-analysis-part-29,post,publish,"2025-07-18 10:29:51",0,,"2025-07-18 10:29:51",https://dev.dgw.ltd.ddev.site:8443/2025/07/18/amazing-business-analysis-part-29/,"Default content when API is unavailable. Generated on 2025-07-18 11:29:50","Default content when API is unavailable. Generated on 2025-07-18 11:29:50",10,1,"development,guide","api,responsive,security,seo,testing,wordpress",,,,,,,,,
735,"Modern Innovation Tutorial - Part 30",modern-innovation-tutorial-part-30,post,publish,"2025-07-18 10:29:53",0,,"2025-07-18 10:29:53",https://dev.dgw.ltd.ddev.site:8443/2025/07/18/modern-innovation-tutorial-part-30/,"Default content when API is unavailable. Generated on 2025-07-18 11:29:52","Default content when API is unavailable. Generated on 2025-07-18 11:29:52",10,1,"guide,news","automation,backend,frameworks,nodejs,seo",,,,,,,,,
736,"Ultimate Design Review - Part 31",ultimate-design-review-part-31,post,publish,"2025-07-18 10:29:55",0,,"2025-07-18 10:29:55",https://dev.dgw.ltd.ddev.site:8443/2025/07/18/ultimate-design-review-part-31/,"Default content when API is unavailable. Generated on 2025-07-18 11:29:54","Default content when API is unavailable. Generated on 2025-07-18 11:29:54",10,1,"business,marketing","backend,html,php,python,react,testing",,,,,,,,,
737,"Practical Strategy Study - Part 32",practical-strategy-study-part-32,post,publish,"2025-07-18 10:29:57",0,,"2025-07-18 10:29:57",https://dev.dgw.ltd.ddev.site:8443/2025/07/18/practical-strategy-study-part-32/,"Default content when API is unavailable. Generated on 2025-07-18 11:29:56","Default content when API is unavailable. Generated on 2025-07-18 11:29:56",10,1,"business,technology,tutorial","php,python,testing",,,,,,,,,
738,"Amazing Marketing Introduction - Part 33",amazing-marketing-introduction-part-33,post,publish,"2025-07-18 10:29:59",0,,"2025-07-18 10:29:59",https://dev.dgw.ltd.ddev.site:8443/2025/07/18/amazing-marketing-introduction-part-33/,"Default content when API is unavailable. Generated on 2025-07-18 11:29:58","Default content when API is unavailable. Generated on 2025-07-18 11:29:58",10,1,"guide,marketing,tutorial","backend,database,nodejs,seo",,,,,,,,,
739,"Modern Technology Study - Part 34",modern-technology-study-part-34,post,publish,"2025-07-18 10:30:01",0,,"2025-07-18 10:30:01",https://dev.dgw.ltd.ddev.site:8443/2025/07/18/modern-technology-study-part-34/,"Default content when API is unavailable. Generated on 2025-07-18 11:30:00","Default content when API is unavailable. Generated on 2025-07-18 11:30:00",10,1,"business,guide,tutorial","react,wordpress",,,,,,,,,
740,"Essential Innovation Overview - Part 35",essential-innovation-overview-part-35,post,publish,"2025-07-18 10:30:03",0,,"2025-07-18 10:30:03",https://dev.dgw.ltd.ddev.site:8443/2025/07/18/essential-innovation-overview-part-35/,"Default content when API is unavailable. Generated on 2025-07-18 11:30:02","Default content when API is unavailable. Generated on 2025-07-18 11:30:02",10,1,"business,technology,tutorial","backend,css,python",,,,,,,,,
741,"Practical Innovation Review - Part 36",practical-innovation-review-part-36,post,publish,"2025-07-18 10:30:06",0,,"2025-07-18 10:30:06",https://dev.dgw.ltd.ddev.site:8443/2025/07/18/practical-innovation-review-part-36/,"Default content when API is unavailable. Generated on 2025-07-18 11:30:05","Default content when API is unavailable. Generated on 2025-07-18 11:30:05",10,1,"development,guide,news","nodejs,seo",,,,,,,,,
742,"Beginner's Design Study - Part 37",beginners-design-study-part-37,post,publish,"2025-07-18 10:30:08",0,,"2025-07-18 10:30:08",https://dev.dgw.ltd.ddev.site:8443/2025/07/18/beginners-design-study-part-37/,"Default content when API is unavailable. Generated on 2025-07-18 11:30:07","Default content when API is unavailable. Generated on 2025-07-18 11:30:07",10,1,"design,development,news","frontend,html",,,,,,,,,
743,"Ultimate Development Tutorial - Part 38",ultimate-development-tutorial-part-38,post,publish,"2025-07-18 10:30:10",0,,"2025-07-18 10:30:10",https://dev.dgw.ltd.ddev.site:8443/2025/07/18/ultimate-development-tutorial-part-38/,"Default content when API is unavailable. Generated on 2025-07-18 11:30:09","Default content when API is unavailable. Generated on 2025-07-18 11:30:09",10,1,design,"database,deployment,php,react,responsive,security",,,,,,,,,
744,"Advanced Marketing Analysis - Part 39",advanced-marketing-analysis-part-39,post,publish,"2025-07-18 10:30:12",0,,"2025-07-18 10:30:12",https://dev.dgw.ltd.ddev.site:8443/2025/07/18/advanced-marketing-analysis-part-39/,"Default content when API is unavailable. Generated on 2025-07-18 11:30:11","Default content when API is unavailable. Generated on 2025-07-18 11:30:11",10,1,marketing,"automation,database,frameworks,php,wordpress",,,,,,,,,
745,"Complete Business Tutorial - Part 40",complete-business-tutorial-part-40,post,publish,"2025-07-18 10:30:14",0,,"2025-07-18 10:30:14",https://dev.dgw.ltd.ddev.site:8443/2025/07/18/complete-business-tutorial-part-40/,"Default content when API is unavailable. Generated on 2025-07-18 11:30:13","Default content when API is unavailable. Generated on 2025-07-18 11:30:13",10,1,guide,"automation,database,python,responsive,testing",,,,,,,,,
746,"Beginner's Development Analysis - Part 41",beginners-development-analysis-part-41,post,publish,"2025-07-18 10:30:16",0,,"2025-07-18 10:30:16",https://dev.dgw.ltd.ddev.site:8443/2025/07/18/beginners-development-analysis-part-41/,"Default content when API is unavailable. Generated on 2025-07-18 11:30:15","Default content when API is unavailable. Generated on 2025-07-18 11:30:15",10,1,"design,tutorial","css,database,frontend,security",,,,,,,,,
747,"Complete Design Tutorial - Part 42",complete-design-tutorial-part-42,post,publish,"2025-07-18 10:30:19",0,,"2025-07-18 10:30:19",https://dev.dgw.ltd.ddev.site:8443/2025/07/18/complete-design-tutorial-part-42/,"Default content when API is unavailable. Generated on 2025-07-18 11:30:17","Default content when API is unavailable. Generated on 2025-07-18 11:30:17",10,1,"marketing,technology","frontend,html,responsive,seo,testing",,,,,,,,,
748,"Beginner's Strategy Review - Part 43",beginners-strategy-review-part-43,post,publish,"2025-07-18 10:30:21",0,,"2025-07-18 10:30:21",https://dev.dgw.ltd.ddev.site:8443/2025/07/18/beginners-strategy-review-part-43/,"Default content when API is unavailable. Generated on 2025-07-18 11:30:19","Default content when API is unavailable. Generated on 2025-07-18 11:30:19",10,1,"design,technology","database,deployment,frameworks,javascript",,,,,,,,,
749,"Essential Marketing Study - Part 44",essential-marketing-study-part-44,post,publish,"2025-07-18 10:30:23",0,,"2025-07-18 10:30:23",https://dev.dgw.ltd.ddev.site:8443/2025/07/18/essential-marketing-study-part-44/,"Default content when API is unavailable. Generated on 2025-07-18 11:30:21","Default content when API is unavailable. Generated on 2025-07-18 11:30:21",10,1,"marketing,technology,tutorial","api,backend,php",,,,,,,,,
750,"Beginner's Technology Overview - Part 45",beginners-technology-overview-part-45,post,publish,"2025-07-18 10:30:25",0,,"2025-07-18 10:30:25",https://dev.dgw.ltd.ddev.site:8443/2025/07/18/beginners-technology-overview-part-45/,"Default content when API is unavailable. Generated on 2025-07-18 11:30:23","Default content when API is unavailable. Generated on 2025-07-18 11:30:23",10,1,"business,guide,technology","deployment,react",,,,,,,,,
751,"Complete Development Study - Part 46",complete-development-study-part-46,post,publish,"2025-07-18 10:30:27",0,,"2025-07-18 10:30:27",https://dev.dgw.ltd.ddev.site:8443/2025/07/18/complete-development-study-part-46/,"Default content when API is unavailable. Generated on 2025-07-18 11:30:25","Default content when API is unavailable. Generated on 2025-07-18 11:30:25",10,1,"design,development,guide","frameworks,php,react",,,,,,,,,
752,"Amazing Marketing Overview - Part 47",amazing-marketing-overview-part-47,post,publish,"2025-07-18 10:30:29",0,,"2025-07-18 10:30:29",https://dev.dgw.ltd.ddev.site:8443/2025/07/18/amazing-marketing-overview-part-47/,"Default content when API is unavailable. Generated on 2025-07-18 11:30:27","Default content when API is unavailable. Generated on 2025-07-18 11:30:27",10,1,"guide,marketing,tutorial","css,database,frontend,php,python,seo",,,,,,,,,
753,"Practical Strategy Guide - Part 48",practical-strategy-guide-part-48,post,publish,"2025-07-18 10:30:31",0,,"2025-07-18 10:30:31",https://dev.dgw.ltd.ddev.site:8443/2025/07/18/practical-strategy-guide-part-48/,"Default content when API is unavailable. Generated on 2025-07-18 11:30:29","Default content when API is unavailable. Generated on 2025-07-18 11:30:29",10,1,business,"python,responsive",,,,,,,,,
754,"Amazing Development Introduction - Part 49",amazing-development-introduction-part-49,post,publish,"2025-07-18 10:30:33",0,,"2025-07-18 10:30:33",https://dev.dgw.ltd.ddev.site:8443/2025/07/18/amazing-development-introduction-part-49/,"Default content when API is unavailable. Generated on 2025-07-18 11:30:31","Default content when API is unavailable. Generated on 2025-07-18 11:30:31",10,1,development,"backend,nodejs,react",,,,,,,,,
755,"Modern Marketing Study - Part 50",modern-marketing-study-part-50,post,publish,"2025-07-18 10:30:35",0,,"2025-07-18 10:30:35",https://dev.dgw.ltd.ddev.site:8443/2025/07/18/modern-marketing-study-part-50/,"Default content when API is unavailable. Generated on 2025-07-18 11:30:33","Default content when API is unavailable. Generated on 2025-07-18 11:30:33",10,1,marketing,"backend,html",,,,,,,,,
756,"Advanced Business Study - Part 51",advanced-business-study-part-51,post,publish,"2025-07-18 10:30:37",0,,"2025-07-18 10:30:37",https://dev.dgw.ltd.ddev.site:8443/2025/07/18/advanced-business-study-part-51/,"Default content when API is unavailable. Generated on 2025-07-18 11:30:35","Default content when API is unavailable. Generated on 2025-07-18 11:30:35",10,1,guide,"automation,css,frameworks,python,react,wordpress",,,,,,,,,
757,"Beginner's Marketing Study - Part 52",beginners-marketing-study-part-52,post,publish,"2025-07-18 10:30:39",0,,"2025-07-18 10:30:39",https://dev.dgw.ltd.ddev.site:8443/2025/07/18/beginners-marketing-study-part-52/,"Default content when API is unavailable. Generated on 2025-07-18 11:30:37","Default content when API is unavailable. Generated on 2025-07-18 11:30:37",10,1,tutorial,"api,automation,frameworks,javascript",,,,,,,,,
758,"Complete Management Overview - Part 53",complete-management-overview-part-53,post,publish,"2025-07-18 10:30:41",0,,"2025-07-18 10:30:41",https://dev.dgw.ltd.ddev.site:8443/2025/07/18/complete-management-overview-part-53/,"Default content when API is unavailable. Generated on 2025-07-18 11:30:39","Default content when API is unavailable. Generated on 2025-07-18 11:30:39",10,1,business,"frameworks,performance,responsive,security,wordpress",,,,,,,,,
759,"Amazing Development Study - Part 54",amazing-development-study-part-54,post,publish,"2025-07-18 10:30:43",0,,"2025-07-18 10:30:43",https://dev.dgw.ltd.ddev.site:8443/2025/07/18/amazing-development-study-part-54/,"Default content when API is unavailable. Generated on 2025-07-18 11:30:41","Default content when API is unavailable. Generated on 2025-07-18 11:30:41",10,1,development,"automation,backend,testing",,,,,,,,,
760,"Modern Marketing Overview - Part 55",modern-marketing-overview-part-55,post,publish,"2025-07-18 10:30:45",0,,"2025-07-18 10:30:45",https://dev.dgw.ltd.ddev.site:8443/2025/07/18/modern-marketing-overview-part-55/,"Default content when API is unavailable. Generated on 2025-07-18 11:30:44","Default content when API is unavailable. Generated on 2025-07-18 11:30:44",10,1,"design,tutorial","frontend,html",,,,,,,,,
761,"Complete Strategy Guide - Part 56",complete-strategy-guide-part-56,post,publish,"2025-07-18 10:30:47",0,,"2025-07-18 10:30:47",https://dev.dgw.ltd.ddev.site:8443/2025/07/18/complete-strategy-guide-part-56/,"Default content when API is unavailable. Generated on 2025-07-18 11:30:46","Default content when API is unavailable. Generated on 2025-07-18 11:30:46",10,1,"business,tutorial","api,react",,,,,,,,,
762,"Amazing Development Introduction - Part 57",amazing-development-introduction-part-57,post,publish,"2025-07-18 10:30:49",0,,"2025-07-18 10:30:49",https://dev.dgw.ltd.ddev.site:8443/2025/07/18/amazing-development-introduction-part-57/,"Default content when API is unavailable. Generated on 2025-07-18 11:30:48","Default content when API is unavailable. Generated on 2025-07-18 11:30:48",10,1,"development,technology","api,automation,backend,nodejs,php,wordpress",,,,,,,,,
763,"Practical Innovation Tutorial - Part 58",practical-innovation-tutorial-part-58,post,publish,"2025-07-18 10:30:51",0,,"2025-07-18 10:30:51",https://dev.dgw.ltd.ddev.site:8443/2025/07/18/practical-innovation-tutorial-part-58/,"Default content when API is unavailable. Generated on 2025-07-18 11:30:50","Default content when API is unavailable. Generated on 2025-07-18 11:30:50",10,1,"business,news","api,automation",,,,,,,,,
764,"Ultimate Strategy Analysis - Part 59",ultimate-strategy-analysis-part-59,post,publish,"2025-07-18 10:30:53",0,,"2025-07-18 10:30:53",https://dev.dgw.ltd.ddev.site:8443/2025/07/18/ultimate-strategy-analysis-part-59/,"Default content when API is unavailable. Generated on 2025-07-18 11:30:52","Default content when API is unavailable. Generated on 2025-07-18 11:30:52",10,1,"business,tutorial","api,backend,nodejs,php,python,seo",,,,,,,,,
765,"Advanced Development Guide - Part 60",advanced-development-guide-part-60,post,publish,"2025-07-18 10:30:55",0,,"2025-07-18 10:30:55",https://dev.dgw.ltd.ddev.site:8443/2025/07/18/advanced-development-guide-part-60/,"Default content when API is unavailable. Generated on 2025-07-18 11:30:54","Default content when API is unavailable. Generated on 2025-07-18 11:30:54",10,1,"business,design,technology","javascript,php,react,wordpress",,,,,,,,,
766,"Amazing Management Overview - Part 61",amazing-management-overview-part-61,post,publish,"2025-07-18 10:30:57",0,,"2025-07-18 10:30:57",https://dev.dgw.ltd.ddev.site:8443/2025/07/18/amazing-management-overview-part-61/,"Default content when API is unavailable. Generated on 2025-07-18 11:30:56","Default content when API is unavailable. Generated on 2025-07-18 11:30:56",10,1,"design,development,news","javascript,responsive,security",,,,,,,,,
767,"Modern Design Review - Part 62",modern-design-review-part-62,post,publish,"2025-07-18 10:30:59",0,,"2025-07-18 10:30:59",https://dev.dgw.ltd.ddev.site:8443/2025/07/18/modern-design-review-part-62/,"Default content when API is unavailable. Generated on 2025-07-18 11:30:58","Default content when API is unavailable. Generated on 2025-07-18 11:30:58",10,1,"development,guide,news","nodejs,react,seo,wordpress",,,,,,,,,
768,"Amazing Innovation Overview - Part 63",amazing-innovation-overview-part-63,post,publish,"2025-07-18 10:31:01",0,,"2025-07-18 10:31:01",https://dev.dgw.ltd.ddev.site:8443/2025/07/18/amazing-innovation-overview-part-63/,"Default content when API is unavailable. Generated on 2025-07-18 11:31:00","Default content when API is unavailable. Generated on 2025-07-18 11:31:00",10,1,technology,"backend,database,frontend",,,,,,,,,
769,"Modern Management Study - Part 64",modern-management-study-part-64,post,publish,"2025-07-18 10:31:04",0,,"2025-07-18 10:31:04",https://dev.dgw.ltd.ddev.site:8443/2025/07/18/modern-management-study-part-64/,"Default content when API is unavailable. Generated on 2025-07-18 11:31:02","Default content when API is unavailable. Generated on 2025-07-18 11:31:02",10,1,business,"html,react,security,testing",,,,,,,,,
770,"Essential Development Handbook - Part 65",essential-development-handbook-part-65,post,publish,"2025-07-18 10:31:06",0,,"2025-07-18 10:31:06",https://dev.dgw.ltd.ddev.site:8443/2025/07/18/essential-development-handbook-part-65/,"Default content when API is unavailable. Generated on 2025-07-18 11:31:04","Default content when API is unavailable. Generated on 2025-07-18 11:31:04",10,1,development,"deployment,frontend,performance",,,,,,,,,
771,"Advanced Innovation Study - Part 66",advanced-innovation-study-part-66,post,publish,"2025-07-18 10:31:08",0,,"2025-07-18 10:31:08",https://dev.dgw.ltd.ddev.site:8443/2025/07/18/advanced-innovation-study-part-66/,"Default content when API is unavailable. Generated on 2025-07-18 11:31:06","Default content when API is unavailable. Generated on 2025-07-18 11:31:06",10,1,technology,"backend,performance,php,react",,,,,,,,,
772,"Beginner's Technology Review - Part 67",beginners-technology-review-part-67,post,publish,"2025-07-18 10:31:10",0,,"2025-07-18 10:31:10",https://dev.dgw.ltd.ddev.site:8443/2025/07/18/beginners-technology-review-part-67/,"Default content when API is unavailable. Generated on 2025-07-18 11:31:09","Default content when API is unavailable. Generated on 2025-07-18 11:31:09",10,1,guide,"api,database,nodejs,performance,responsive,security",,,,,,,,,
773,"Complete Development Overview - Part 68",complete-development-overview-part-68,post,publish,"2025-07-18 10:31:12",0,,"2025-07-18 10:31:12",https://dev.dgw.ltd.ddev.site:8443/2025/07/18/complete-development-overview-part-68/,"Default content when API is unavailable. Generated on 2025-07-18 11:31:11","Default content when API is unavailable. Generated on 2025-07-18 11:31:11",10,1,"development,guide","performance,responsive",,,,,,,,,
774,"Amazing Marketing Review - Part 69",amazing-marketing-review-part-69,post,publish,"2025-07-18 10:31:14",0,,"2025-07-18 10:31:14",https://dev.dgw.ltd.ddev.site:8443/2025/07/18/amazing-marketing-review-part-69/,"Default content when API is unavailable. Generated on 2025-07-18 11:31:13","Default content when API is unavailable. Generated on 2025-07-18 11:31:13",10,1,"business,tutorial","automation,frameworks,frontend,nodejs,python,security",,,,,,,,,
775,"Essential Design Tutorial - Part 70",essential-design-tutorial-part-70,post,publish,"2025-07-18 10:31:17",0,,"2025-07-18 10:31:17",https://dev.dgw.ltd.ddev.site:8443/2025/07/18/essential-design-tutorial-part-70/,"Default content when API is unavailable. Generated on 2025-07-18 11:31:16","Default content when API is unavailable. Generated on 2025-07-18 11:31:16",10,1,"design,marketing","api,automation,frameworks,nodejs,performance",,,,,,,,,
776,"Beginner's Business Analysis - Part 71",beginners-business-analysis-part-71,post,publish,"2025-07-18 10:31:19",0,,"2025-07-18 10:31:19",https://dev.dgw.ltd.ddev.site:8443/2025/07/18/beginners-business-analysis-part-71/,"Default content when API is unavailable. Generated on 2025-07-18 11:31:18","Default content when API is unavailable. Generated on 2025-07-18 11:31:18",10,1,"guide,tutorial","api,backend,nodejs,responsive,security,seo",,,,,,,,,
777,"Beginner's Technology Analysis - Part 72",beginners-technology-analysis-part-72,post,publish,"2025-07-18 10:31:21",0,,"2025-07-18 10:31:21",https://dev.dgw.ltd.ddev.site:8443/2025/07/18/beginners-technology-analysis-part-72/,"Default content when API is unavailable. Generated on 2025-07-18 11:31:20","Default content when API is unavailable. Generated on 2025-07-18 11:31:20",10,1,"news,technology,tutorial","css,database,frontend,php,responsive",,,,,,,,,
778,"Practical Strategy Guide - Part 73",practical-strategy-guide-part-73,post,publish,"2025-07-18 10:31:23",0,,"2025-07-18 10:31:23",https://dev.dgw.ltd.ddev.site:8443/2025/07/18/practical-strategy-guide-part-73/,"Default content when API is unavailable. Generated on 2025-07-18 11:31:22","Default content when API is unavailable. Generated on 2025-07-18 11:31:22",10,1,"business,marketing,tutorial","api,php,python,wordpress",,,,,,,,,
779,"Ultimate Development Introduction - Part 74",ultimate-development-introduction-part-74,post,publish,"2025-07-18 10:31:25",0,,"2025-07-18 10:31:25",https://dev.dgw.ltd.ddev.site:8443/2025/07/18/ultimate-development-introduction-part-74/,"Default content when API is unavailable. Generated on 2025-07-18 11:31:24","Default content when API is unavailable. Generated on 2025-07-18 11:31:24",10,1,"design,news","api,nodejs,php",,,,,,,,,
780,"Modern Technology Tutorial - Part 75",modern-technology-tutorial-part-75,post,publish,"2025-07-18 10:31:27",0,,"2025-07-18 10:31:27",https://dev.dgw.ltd.ddev.site:8443/2025/07/18/modern-technology-tutorial-part-75/,"Default content when API is unavailable. Generated on 2025-07-18 11:31:26","Default content when API is unavailable. Generated on 2025-07-18 11:31:26",10,1,"development,news,technology","css,deployment,frontend",,,,,,,,,
781,"Essential Strategy Introduction - Part 76",essential-strategy-introduction-part-76,post,publish,"2025-07-18 10:31:29",0,,"2025-07-18 10:31:29",https://dev.dgw.ltd.ddev.site:8443/2025/07/18/essential-strategy-introduction-part-76/,"Default content when API is unavailable. Generated on 2025-07-18 11:31:28","Default content when API is unavailable. Generated on 2025-07-18 11:31:28",10,1,technology,"api,backend",,,,,,,,,
782,"Modern Marketing Tutorial - Part 77",modern-marketing-tutorial-part-77,post,publish,"2025-07-18 10:31:31",0,,"2025-07-18 10:31:31",https://dev.dgw.ltd.ddev.site:8443/2025/07/18/modern-marketing-tutorial-part-77/,"Default content when API is unavailable. Generated on 2025-07-18 11:31:30","Default content when API is unavailable. Generated on 2025-07-18 11:31:30",10,1,tutorial,"javascript,nodejs,testing",,,,,,,,,
783,"Essential Technology Analysis - Part 78",essential-technology-analysis-part-78,post,publish,"2025-07-18 10:31:33",0,,"2025-07-18 10:31:33",https://dev.dgw.ltd.ddev.site:8443/2025/07/18/essential-technology-analysis-part-78/,"Default content when API is unavailable. Generated on 2025-07-18 11:31:32","Default content when API is unavailable. Generated on 2025-07-18 11:31:32",10,1,"business,news","php,react",,,,,,,,,
784,"Beginner's Strategy Guide - Part 79",beginners-strategy-guide-part-79,post,publish,"2025-07-18 10:31:36",0,,"2025-07-18 10:31:36",https://dev.dgw.ltd.ddev.site:8443/2025/07/18/beginners-strategy-guide-part-79/,"Default content when API is unavailable. Generated on 2025-07-18 11:31:34","Default content when API is unavailable. Generated on 2025-07-18 11:31:34",10,1,"technology,tutorial","api,automation,css,performance,security,testing",,,,,,,,,
785,"Advanced Marketing Review - Part 80",advanced-marketing-review-part-80,post,publish,"2025-07-18 10:31:38",0,,"2025-07-18 10:31:38",https://dev.dgw.ltd.ddev.site:8443/2025/07/18/advanced-marketing-review-part-80/,"Default content when API is unavailable. Generated on 2025-07-18 11:31:36","Default content when API is unavailable. Generated on 2025-07-18 11:31:36",10,1,tutorial,"css,database,frameworks,performance,react,seo",,,,,,,,,
786,"Ultimate Strategy Guide - Part 81",ultimate-strategy-guide-part-81,post,publish,"2025-07-18 10:31:40",0,,"2025-07-18 10:31:40",https://dev.dgw.ltd.ddev.site:8443/2025/07/18/ultimate-strategy-guide-part-81/,"Default content when API is unavailable. Generated on 2025-07-18 11:31:38","Default content when API is unavailable. Generated on 2025-07-18 11:31:38",10,1,business,"css,html,security",,,,,,,,,
787,"Modern Business Introduction - Part 82",modern-business-introduction-part-82,post,publish,"2025-07-18 10:31:42",0,,"2025-07-18 10:31:42",https://dev.dgw.ltd.ddev.site:8443/2025/07/18/modern-business-introduction-part-82/,"Default content when API is unavailable. Generated on 2025-07-18 11:31:40","Default content when API is unavailable. Generated on 2025-07-18 11:31:40",10,1,"development,tutorial","api,nodejs,performance",,,,,,,,,
788,"Amazing Management Review - Part 83",amazing-management-review-part-83,post,publish,"2025-07-18 10:31:44",0,,"2025-07-18 10:31:44",https://dev.dgw.ltd.ddev.site:8443/2025/07/18/amazing-management-review-part-83/,"Default content when API is unavailable. Generated on 2025-07-18 11:31:43","Default content when API is unavailable. Generated on 2025-07-18 11:31:43",10,1,"design,guide","api,html,responsive",,,,,,,,,
789,"Modern Design Handbook - Part 84",modern-design-handbook-part-84,post,publish,"2025-07-18 10:31:46",0,,"2025-07-18 10:31:46",https://dev.dgw.ltd.ddev.site:8443/2025/07/18/modern-design-handbook-part-84/,"Default content when API is unavailable. Generated on 2025-07-18 11:31:45","Default content when API is unavailable. Generated on 2025-07-18 11:31:45",10,1,"business,development","automation,php",,,,,,,,,
790,"Beginner's Development Introduction - Part 85",beginners-development-introduction-part-85,post,publish,"2025-07-18 10:31:48",0,,"2025-07-18 10:31:48",https://dev.dgw.ltd.ddev.site:8443/2025/07/18/beginners-development-introduction-part-85/,"Default content when API is unavailable. Generated on 2025-07-18 11:31:47","Default content when API is unavailable. Generated on 2025-07-18 11:31:47",10,1,"design,marketing","backend,frameworks,seo",,,,,,,,,
791,"Practical Design Guide - Part 86",practical-design-guide-part-86,post,publish,"2025-07-18 10:31:50",0,,"2025-07-18 10:31:50",https://dev.dgw.ltd.ddev.site:8443/2025/07/18/practical-design-guide-part-86/,"Default content when API is unavailable. Generated on 2025-07-18 11:31:49","Default content when API is unavailable. Generated on 2025-07-18 11:31:49",10,1,"guide,marketing","deployment,python",,,,,,,,,
792,"Amazing Strategy Introduction - Part 87",amazing-strategy-introduction-part-87,post,publish,"2025-07-18 10:31:52",0,,"2025-07-18 10:31:52",https://dev.dgw.ltd.ddev.site:8443/2025/07/18/amazing-strategy-introduction-part-87/,"Default content when API is unavailable. Generated on 2025-07-18 11:31:51","Default content when API is unavailable. Generated on 2025-07-18 11:31:51",10,1,"business,design,tutorial","html,testing",,,,,,,,,
793,"Modern Development Guide - Part 88",modern-development-guide-part-88,post,publish,"2025-07-18 10:31:55",1,dgwltd,"2025-08-05 11:33:01",https://dev.dgw.ltd.ddev.site:8443/2025/07/18/modern-development-guide-part-88/,"Default content when API is unavailable. Consequat non nisi deserunt veniam nisi fugiat. Nisi deserunt veniam nisi fugiat exercitation qui, irure. Nisi fugiat exercitation qui irure aliquip. Exercitation, qui irure…","Default content when API is unavailable. Consequat non nisi deserunt veniam nisi fugiat. Nisi deserunt veniam nisi fugiat exercitation qui, irure. Nisi fugiat exercitation qui irure aliquip. Exercitation, qui irure aliquip sunt. Aliquip sunt eiusmod, sit. Sit cupidatat quis id, sit. Id sit ex, sint anim. Sint anim do ex reprehenderit culpa. asdasdddd Aute elit sit magna consequat incididunt consequat. Sit magna consequat incididunt. Consequat incididunt consequat anim reprehenderit. Co...",109,1,"design,marketing,tutorial","automation,css,deployment,html,nodejs,responsive",,Special,,,,,,,
794,"Ultimate Design Introduction - Part 89",ultimate-design-introduction-part-89,post,publish,"2025-07-18 10:31:57",1,dgwltd,"2025-08-05 15:10:59",https://dev.dgw.ltd.ddev.site:8443/2025/07/18/ultimate-design-introduction-part-89/,"Irure mollit et mollit. Et mollit laborum mollit nulla voluptate et, velit. Mollit nulla voluptate et velit fugiat. Voluptate et velit fugiat qui nostrud. Velit fugiat qui, nostrud. Nostrud, officia…","Irure mollit et mollit. Et mollit laborum mollit nulla voluptate et, velit. Mollit nulla voluptate et velit fugiat. Voluptate et velit fugiat qui nostrud. Velit fugiat qui, nostrud. Nostrud, officia reprehenderit excepteur pariatur. Excepteur, pariatur cupidatat culpa et sit magna. Aute sed ad mollit. Ad mollit consequat, nisi. Nisi, labore est ullamco cillum eiusmod voluptate excepteur. Ullamco cillum eiusmod voluptate excepteur, cupidatat. Voluptate excepteur cupidatat cupidatat consectetu...",95,1,marketing,"api,backend,database,deployment,frontend",,Custom,,,,,,,
795,"Modern Strategy Guide - Page 2",modern-strategy-guide-part-90,post,publish,"2025-07-18 10:31:59",1,dgwltd,"2025-08-04 10:34:46",https://dev.dgw.ltd.ddev.site:8443/2025/07/18/modern-strategy-guide-part-90/,"Default content when API is unavailable. Generated on 2025-07-18 11:31:57","Default content when API is unavailable. Generated on 2025-07-18 11:31:57",10,1,"design,development,technology","automation,backend,deployment,nodejs,php,python",,Custom,,,,,,,
796,"Essential Management Introduction - Part 91",essential-management-introduction-part-91,post,publish,"2025-07-18 10:32:01",0,,"2025-07-18 10:32:01",https://dev.dgw.ltd.ddev.site:8443/2025/07/18/essential-management-introduction-part-91/,"Default content when API is unavailable. Generated on 2025-07-18 11:31:59","Default content when API is unavailable. Generated on 2025-07-18 11:31:59",10,1,design,"database,performance,php,security,seo",,,,,,,,,
797,"Advanced Technology Guide - Part 92",advanced-technology-guide-part-92,post,publish,"2025-07-18 10:32:03",0,,"2025-07-18 10:32:03",https://dev.dgw.ltd.ddev.site:8443/2025/07/18/advanced-technology-guide-part-92/,"Default content when API is unavailable. Generated on 2025-07-18 11:32:01","Default content when API is unavailable. Generated on 2025-07-18 11:32:01",10,1,"guide,news","database,deployment,frameworks,react,seo",,,,,,,,,
798,"Complete Strategy Introduction - Part 93",complete-strategy-introduction-part-93,post,publish,"2025-07-18 10:32:05",0,,"2025-07-18 10:32:05",https://dev.dgw.ltd.ddev.site:8443/2025/07/18/complete-strategy-introduction-part-93/,"Default content when API is unavailable. Generated on 2025-07-18 11:32:03","Default content when API is unavailable. Generated on 2025-07-18 11:32:03",10,1,"development,technology","api,backend,frontend,seo",,,,,,,,,
799,"Amazing Management Guide - Part 94",amazing-management-guide-part-94,post,publish,"2025-07-18 10:32:07",0,,"2025-07-18 10:32:07",https://dev.dgw.ltd.ddev.site:8443/2025/07/18/amazing-management-guide-part-94/,"Default content when API is unavailable. Generated on 2025-07-18 11:32:05","Default content when API is unavailable. Generated on 2025-07-18 11:32:05",10,1,"design,guide","database,nodejs,wordpress",,,,,,,,,
800,"Essential Strategy Handbook - Part 95",essential-strategy-handbook-part-95,post,publish,"2025-07-18 10:32:09",0,,"2025-07-18 10:32:09",https://dev.dgw.ltd.ddev.site:8443/2025/07/18/essential-strategy-handbook-part-95/,"Default content when API is unavailable. Generated on 2025-07-18 11:32:07","Default content when API is unavailable. Generated on 2025-07-18 11:32:07",10,1,"business,news","automation,javascript,performance,python",,,,,,,,,
801,"Advanced Development Review - Part 96",advanced-development-review-part-96,post,publish,"2025-07-18 10:32:11",0,,"2025-07-18 10:32:11",https://dev.dgw.ltd.ddev.site:8443/2025/07/18/advanced-development-review-part-96/,"Default content when API is unavailable. Generated on 2025-07-18 11:32:09","Default content when API is unavailable. Generated on 2025-07-18 11:32:09",10,1,"design,development,tutorial","backend,seo,wordpress",,,,,,,,,
802,"Essential Technology Overview - Part 97",essential-technology-overview-part-97,post,publish,"2025-07-18 10:32:13",0,,"2025-07-18 10:32:13",https://dev.dgw.ltd.ddev.site:8443/2025/07/18/essential-technology-overview-part-97/,"Default content when API is unavailable. Generated on 2025-07-18 11:32:11","Default content when API is unavailable. Generated on 2025-07-18 11:32:11",10,1,"marketing,news","css,frontend,performance,testing",,,,,,,,,
803,"Beginner's Strategy Review - Part 98",beginners-strategy-review-part-98,post,publish,"2025-07-18 10:32:15",1,dgwltd,"2025-08-06 12:11:20",https://dev.dgw.ltd.ddev.site:8443/2025/07/18/beginners-strategy-review-part-98/,"Default content when API is unavailable. Ipsum, nostrud non dolore officia. Dolore officia id, cillum voluptate exercitation. Cillum voluptate exercitation aliqua irure, consequat. Aliqua irure consequat nostrud dolore ex in…","Default content when API is unavailable. Ipsum, nostrud non dolore officia. Dolore officia id, cillum voluptate exercitation. Cillum voluptate exercitation aliqua irure, consequat. Aliqua irure consequat nostrud dolore ex in non. Consequat nostrud dolore, ex in non consequat. Ex in non consequat officia. Non consequat officia velit fugiat. Culpa eu exercitation proident nisi adipiscing dolore. Exercitation proident nisi adipiscing dolore dolor veniam nulla. Nisi adipiscing dolore dolor ve...",153,1,"business,marketing,technology","frontend,html,javascript",,Custom,,,,,,,
804,"Modern Marketing Tutorial - Part 99",modern-marketing-tutorial-part-99,post,publish,"2025-07-18 10:32:17",1,dgwltd,"2025-08-05 15:07:56",https://dev.dgw.ltd.ddev.site:8443/2025/07/18/modern-marketing-tutorial-part-99/,"Default content when API is unavailable. Generated on 2025-07-18 11:32:16","Default content when API is unavailable. Generated on 2025-07-18 11:32:16",10,1,"design,news,tutorial","api,frameworks,javascript,python",,"Custom,Special",,,,,,,
805,"Ultimate Management Review - Part 100",ultimate-management-review-part-100,post,publish,"2025-07-18 10:32:19",1,dgwltd,"2025-08-10 18:30:22",https://dev.dgw.ltd.ddev.site:8443/2025/07/18/ultimate-management-review-part-100/,"Qui, adipiscing exercitation nisi elit. Nisi elit nulla ipsum sit nostrud nostrud magna. Nulla ipsum sit, nostrud nostrud magna. Nostrud nostrud magna pariatur eu enim labore. Magna pariatur eu enim.…","Qui, adipiscing exercitation nisi elit. Nisi elit nulla ipsum sit nostrud nostrud magna. Nulla ipsum sit, nostrud nostrud magna. Nostrud nostrud magna pariatur eu enim labore. Magna pariatur eu enim. Eu, enim labore ullamco sint dolore voluptate nulla. Ullamco sint dolore voluptate nulla ex. Dolore voluptate nulla ex incididunt. Nulla ex incididunt est voluptate. Incididunt est voluptate, nisi exercitation aliquip occaecat. Qui esse non ex pariatur proident proident sed qui labore ut aliqua ...",161,1,"business,guide,tutorial","api,react,responsive,seo,wordpress",,,/2022/11/IMG_3985.jpg,"DeLorean time machine in a warehouse",1,"Post subtitle - Enim do quis ad in.","Post meta - Quis, ad in pariatur esse excepteur anim laboris. Pariatur esse, excepteur anim. Anim laboris, voluptate ad cupidatat eiusmod labore commodo. Ad, cupidatat eiusmod labore. Labore commodo deserunt, sed voluptate id. Sed voluptate id, ullamco velit do. Ullamco velit do laboris.",1,/2022/06/delorean-scaled.jpg
923,"New post",new-post,post,publish,"2025-08-06 11:07:37",1,dgwltd,"2025-08-10 18:09:20",https://dev.dgw.ltd.ddev.site:8443/2025/08/06/new-post/,"lorem Culpa non, veniam occaecat. Occaecat lorem veniam deserunt. Veniam deserunt cillum exercitation tempor consequat nulla voluptate. Cillum exercitation tempor consequat nulla, voluptate est. Consequat nulla voluptate est eu.","lorem Culpa non, veniam occaecat. Occaecat lorem veniam deserunt. Veniam deserunt cillum exercitation tempor consequat nulla voluptate. Cillum exercitation tempor consequat nulla, voluptate est. Consequat nulla voluptate est eu.",29,1,Uncategorized,,,,,,1,,,,
929,"New post",new-post-2,post,publish,"2025-08-06 17:21:36",2,"Richie Rich","2025-08-10 18:10:31",https://dev.dgw.ltd.ddev.site:8443/2025/08/06/new-post-2/,"Eiusmod sed ipsum dolore dolor. Ipsum dolore dolor commodo tempor consequat lorem id. Dolor commodo, tempor consequat lorem. Consequat lorem, id sit exercitation. Sit, exercitation ut exercitation adipiscing pariatur aute…","Eiusmod sed ipsum dolore dolor. Ipsum dolore dolor commodo tempor consequat lorem id. Dolor commodo, tempor consequat lorem. Consequat lorem, id sit exercitation. Sit, exercitation ut exercitation adipiscing pariatur aute commodo. Exercitation adipiscing, pariatur aute commodo consectetur. Aute commodo consectetur adipiscing esse exercitation veniam. Ullamco ex excepteur, nisi. Nisi adipiscing incididunt, esse laboris aute. Esse laboris aute fugiat sint reprehenderit. Aute fugiat sint repreh...",105,1,Uncategorized,,,,,,1,"Anim est anim, ea adipiscing adipiscing pariatur nulla.","Sunt esse ipsum anim sed et adipiscing duis. Ipsum anim sed et adipiscing duis exercitation sit. Sed et adipiscing duis exercitation sit duis occaecat. Adipiscing duis exercitation sit duis occaecat irure minim. Exercitation sit duis, occaecat irure. Occaecat irure minim pariatur ullamco cillum ut.",,
